INSERT INTO busstop (id, name) VALUES
(1, 'Mercado Ciudad Quesada'),
(2, 'El Pollazo'),
(3, 'Tico Quiropractico'),
(4, 'Super San Roque'),
(5, 'Escuela Juan Bautista'),
(6, 'Hospital'),
(7, 'La Canasta Basica'),
(8, 'Cafe Itabo'),
(9, 'Entrada Barrio los Angeles'),
(10, 'Colegio Metodista'),
(11, 'Super la Familia'),
(12, 'Parada Taxis Barrio los Angeles'),
(13, 'Super Solis'),
(14, 'Cruce Cedral'),
(15, 'Entrada Urbanizacion'),
(16, 'Nissan'),
(17, 'Compre Bien'),
(18, 'BN Hospital'),
(19, 'Liceo San Carlos'),
(20, 'Entrada Terminal'),
(21, 'Cachos Largos'),
(22, 'Optica Arce'),
(23, 'Escuela Enseñanza Especial'),
(24, 'Cedral La Plaza'),
(25, 'Cedral Dulce Nombre'),
(26, 'Cedral Cañaveral'),
(27, 'Terminal de Buses');

INSERT INTO route (name, start_id, destiny_id) VALUES
('Ruta Barrio los Angeles', 1, 1),
('Ruta Mercado Terminal', 1, 27);

INSERT INTO route_busstop (id_route, id_busstop, estimated_minutes) VALUES
(1, 1, 3),
(1, 2, 4),
(1, 3, 5),
(1, 4, 6),
(1, 5, 7),
(1, 6, 10),
(1, 7, 12),
(1, 8, 14),
(1, 9, 16),
(1, 10, 17),
(1, 11, 18),
(1, 12, 19),
(1, 13, 20),
(1, 14, 21),
(1, 15, 23),
(1, 16, 25),
(1, 17, 27),
(1, 18, 28),
(1, 19, 29),
(1, 20, 30),
(1, 21, 32),
(1, 22, 33),
(1, 23, 34),
(2, 1, 3),
(2, 2, 4),
(2, 3, 5),
(2, 4, 6),
(2, 19, 8),
(2, 20, 9),
(2, 27, 10);


INSERT INTO schedule (route_id, departure_hour) VALUES
(1, '07:00:00'),
(1, '07:30:00'),
(1, '08:00:00'),
(1, '09:00:00'),
(1, '09:30:00'),
(1, '10:00:00'),
(1, '10:30:00'),
(1, '11:00:00'),
(1, '12:30:00'),
(1, '13:00:00'),
(1, '13:30:00'),
(1, '14:00:00'),
(1, '14:30:00'),
(1, '15:00:00'),
(1, '15:30:00'),
(1, '16:00:00'),
(1, '16:30:00'),
(1, '17:00:00'),
(1, '17:30:00'),
(1, '18:00:00'),
(1, '18:30:00'),
(1, '19:00:00'),
(1, '19:30:00'),
(1, '20:00:00'),
(1, '20:30:00'),
(1, '21:00:00'),
(2, '07:00:00'),
(2, '07:30:00'),
(2, '08:00:00'),
(2, '09:00:00'),
(2, '09:30:00'),
(2, '10:00:00'),
(2, '10:30:00'),
(2, '11:00:00'),
(2, '12:30:00'),
(2, '13:00:00'),
(2, '13:30:00'),
(2, '14:00:00'),
(2, '14:30:00'),
(2, '15:00:00'),
(2, '15:30:00'),
(2, '16:00:00'),
(2, '16:30:00'),
(2, '17:00:00'),
(2, '17:30:00'),
(2, '18:00:00'),
(2, '18:30:00'),
(2, '19:00:00'),
(2, '19:30:00'),
(2, '20:00:00'),
(2, '20:30:00'),
(2, '21:00:00');

